{"cameraMode":{"drawMode":0,"name":"Shaded","section":"Shading Mode"},"sceneLighting":true,"audioPlay":false,"sceneViewState":{"showFog":true,"showMaterialUpdate":false,"showSkybox":true,"showFlares":true,"showImageEffects":true,"showParticleSystems":true},"in2DMode":false,"pivot":{"x":539.97314453125,"y":8.020243644714356,"z":76.78903198242188},"rotation":{"x":0.010174525901675225,"y":0.05606485903263092,"z":0.0005729841068387032,"w":-0.9983821511268616},"size":9.48656940460205,"orthographic":false}