{"cameraMode":{"drawMode":0,"name":"Shaded","section":"Shading Mode"},"sceneLighting":true,"audioPlay":false,"sceneViewState":{"showFog":true,"showMaterialUpdate":false,"showSkybox":true,"showFlares":true,"showImageEffects":true,"showParticleSystems":true},"in2DMode":false,"pivot":{"x":540.4000244140625,"y":17.0,"z":67.69999694824219},"rotation":{"x":-0.27188003063201907,"y":0.24816979467868806,"z":-0.072791688144207,"w":-0.9269334673881531},"size":13.581060409545899,"orthographic":false}